ID,Datum,verwendbar?,URL,login url,HTML Element mit webauthn,Passkey/FedCm unterstützung,funktionale Eigenschaften,statische Eigenschaften,Bemerkung,thirdparty auth with passkeys
1,7. Juli 2025,ja,https://www.binance.com/en,https://accounts.binance.com/en/login?loginChannel=&return_to=,"<button class=""bn-button bn-button__icon bn-button__icon__line data-size-large bids_icon-button mb-3 md:mb-4"" role=""button"" aria-label=""Continue with Passkey"" id=""passkey-login-btn"" data-e2e=""btn-passkey-login""><div class=""icon-warp""><div class=""ml-1 h-[20px]""><svg fill=""PrimaryText"" class=""bn-svg h-[20px] w-[20px] text-[--color-PrimaryText]"" font-size=""20"" viewBox=""0 0 24 24"" xmlns=""http://www.w3.org/2000/svg""><path d=""M19 6a3.5 3.5 0 013.5 3.5l-.005.18a3.5 3.5 0 01-2.599 3.203v2.208H21.5a.901.901 0 010 1.8h-1.604v.906l-.004.092a.9.9 0 01-1.791 0l-.005-.092V12.88A3.5 3.5 0 0115.5 9.5l.005-.18A3.5 3.5 0 0119 6zm-1.7 3.5a1.7 1.7 0 103.4 0 1.7 1.7 0 00-3.4 0zM11.7 6.5A2.7 2.7 0 109 9.2V11a4.5 4.5 0 110-9 4.5 4.5 0 010 9V9.2a2.7 2.7 0 002.7-2.7zM14.6 21.5V19a4.6 4.6 0 00-4.6-4.6H8A4.6 4.6 0 003.4 19v2.5a.9.9 0 01-1.8 0V19A6.4 6.4 0 018 12.6h2a6.4 6.4 0 016.4 6.4v2.5a.9.9 0 01-1.8 0z"" fill=""currentColor""></path></svg></div></div><div>Continue with Passkey</div></button>",Passkey,"create methode, get methode, methode vor login, passkey button","get mit anonymen parametern, navigator.credentials.create({publicKey:, navigator.credentials.get({publicKey:) vorhanden, obfuscated js",captcha,"apple, google"
2,8. Juli 2025,ja,https://www.adobe.com/,https://auth.services.adobe.com/en_US/index.html?callback=https%3A%2F%2Fims-na1.adobelogin.com%2Fims%2Fadobeid%2Fhomepage_milo%2FAdobeID%2Ftoken%3Fredirect_uri%3Dhttps%253A%252F%252Fwww.adobe.com%252Fhome%2523old_hash%253D%2526from_ims%253Dtrue%253Fclient_id%253Dhomepage_milo%2526api%253Dauthorize%2526scope%253DAdobeID%252Copenid%252Cgnav%252Cpps.read%252Cfirefly_api%252Cadditional_info.roles%252Cread_organizations%252Caccount_cluster.read%26state%3D%257B%2522jslibver%2522%253A%2522v2-v0.47.0-15-gd6558d5%2522%252C%2522nonce%2522%253A%25221728820188406908%2522%257D%26code_challenge_method%3Dplain%26use_ms_for_expiry%3Dtrue&client_id=homepage_milo&scope=AdobeID%2Copenid%2Cgnav%2Cpps.read%2Cfirefly_api%2Cadditional_info.roles%2Cread_organizations%2Caccount_cluster.read&state=%7B%22jslibver%22%3A%22v2-v0.47.0-15-gd6558d5%22%2C%22nonce%22%3A%221728820188406908%22%7D&relay=9c5f6b65-982a-4e4f-a5f1-eb895f39b9c9&locale=en_US&flow_type=token&idp_flow_type=login&ab_test=epp-avoid-race-condition&s_p=google%2Cfacebook%2Capple%2Cmicrosoft%2Cline%2Ckakao&response_type=token&code_challenge_method=plain&redirect_uri=https%3A%2F%2Fwww.adobe.com%2Fhome%23old_hash%3D%26from_ims%3Dtrue%3Fclient_id%3Dhomepage_milo%26api%3Dauthorize%26scope%3DAdobeID%2Copenid%2Cgnav%2Cpps.read%2Cfirefly_api%2Cadditional_info.roles%2Cread_organizations%2Caccount_cluster.read&use_ms_for_expiry=true#/,"<input aria-label=""E-Mail-Adresse"" id=""EmailPage-EmailField"" data-id=""EmailPage-EmailField"" aria-describedby=""EmailPage-EmailField-Error"" type=""email"" autocomplete=""email webauthn"" name=""username"" tabindex=""0"" class=""zo2IKa_spectrum-Textfield-input zo2IKa_i18nFontFamily"" value="""">",Passkey,"autocomplete = webauthn, get methode, methode vor login","Conditional UI, navigator.credentials.create vorhanden, navigator.credentials.get vorhanden"," ","apple, google"
3,8. Juli 2025,ja,https://afasonline.nl/,https://idp.afasonline.com/Account/Login?ReturnUrl=%2Fconnect%2Fauthorize%2Fcallback%3Fclient_id%3Db994b965-f850-4dbe-b444-bd7666d6efbf%26response_type%3Dcode%26scope%3Dopenid%2520email%2520offline_access%26redirect_uri%3Dhttps%253A%252F%252Fsts.afasonline.com%252Fsignin-oidc%26state%3DQ2ZESjhLcmhXSmJ4VkJaT2hiUkpDQzd1RDVDeG04ckEzdzlBM2swQ0dHelJVM0NzZU9GUV9MdWh3OFlOQUtISExDQldoM2tLNmN0bE1jODJaVmtwTFFqZkd0a1FmbHVGMTlvajR5VGZRMEwzR2wxV0F1S19QV2xvbmE3anlEc3R0b0YteXN3cXVRSXlMX2hDZlpDYXNIQ19oQjFPT1RXWmVZNHQ3czFZX3FuekxDWldMbEdRVHVsZ0RXck8tYlR4S0NKejFMQ2FReFJ5U1p0aTNUVktINnJQTENnV3RHTVBuMHh4UldzNEpqWlpTVW1tU2MtU3V4T3NRS0hUbFoxbFpXZ0NRYjlFd2pXNHJqMkJyT0J2OUswdGhpNVNIUzNGWXlOMDVYX2RabkV5ZF9zTA%253D%253D%26nonce%3Da4e97df9d4e7aae3f6497fb6bad2b3592b9d59e952e175f0281818081a208b6a%26response_mode%3Dquery%26ui_locales%3Den%26code_challenge%3D_5xi1kd7pM_EuFBnnD39LgH9_-7LU94J_jL3qKZ7feY%26code_challenge_method%3DS256,"<div class=""navigation navigation--passkey"">

<button type=""button"" class=""aol-button aol-button--passkey aol-button--loader"" id=""btnLoginPasskey"" disabled="""">
<img alt=""passkey icon"" class=""aol-button__icon"" src=""/images/fido-passkey-green.svg"">
<span>
Log in with a passkey
</span>
<div id=""passkeyLoader"" class=""aol-button__passkey aol-button__passkey--is-loading"">
</div>
</button>
<button type=""submit"" class=""aol-button aol-button--login"" id=""btnSubmit"">Next</button>
</div>",Passkey,"get methode, methode vor login, passkey button","navigator.credentials.get vorhanden, navigator.credentials.get({publicKey:) vorhanden",,
4,8. Juli 2025,ja,https://www.affirm.com/,"https://www.affirm.com/user/signinclass=""pro15nvvlzw pro1gW6XTZL”","<div class=""pro15nvvlzw pro1gW6XTZL""><button type=""button"" class=""pro35Wfly4z pro1q038Fah pro3in0Ehxy pro1d6rsoMQ pro3YXVXwZ7 pro1Nzq7fDb pro2m4F1oqq"" data-emphasis=""secondary"" data-testid=""passkey-signin""><svg viewBox=""0 0 24 24"" fill=""none"" xmlns=""http://www.w3.org/2000/svg"" role=""img"" aria-hidden=""true"" class=""pro2quhbvA8 provVFnYMwl pro2N_sPuP9"" height=""24px"" width=""24px"" style=""--fill: #101820;""><path fill-rule=""evenodd"" clip-rule=""evenodd"" d=""M20.53 1.47a.75.75 0 010 1.06l-.47.47 2.47 2.47a.75.75 0 010 1.06l-3.5 3.5a.75.75 0 01-.677.205l-4.607-.92-1.466 1.465a6.75 6.75 0 11-1.289-.833L12.97 7.97l5.5-5.5 1-1a.75.75 0 011.06 0zm-5.509 6.57l3.232.646L20.94 6 19 4.06l-3.979 3.98zM8 10.75a5.25 5.25 0 100 10.5 5.25 5.25 0 000-10.5z"" fill=""var(--fill)""></path></svg>Log in with passkey</button></div>",Passkey,"get methode, methode vor login, passkey button","get mit anonymen parametern, navigator.credentials.get vorhanden",,
5,8. Juli 2025,ja,https://airnewzealand.co.nz/,https://identity.airnewzealand.com/customerairnz.onmicrosoft.com/b2c_1a_airnz_susi/oauth2/v2.0/authorize?client_id=ca26a955-b1c6-434c-9e44-a12ca9158158&scope=offline_access%20openid%20profile%20https%3A%2F%2Fcustomerairnz.onmicrosoft.com%2Fairpoints%2Fairpoints.accountdetails.read.my&redirect_uri=https%3A%2F%2Fwww.airnewzealand.co.nz%2Fidentityreturn&client-request-id=7ac0e1de-e75c-496d-86ea-80f69d7f4448&response_mode=fragment&response_type=code&x-client-SKU=msal.js.browser&x-client-VER=2.39.0&client_info=1&code_challenge=JVhzC8Ex8NSCLKI5yBcOaNS2HM64wENZ4M5EbEhyrew&code_challenge_method=S256&nonce=c85c4e77-6601-447d-b47a-07d3c69cd790&state=eyJpZCI6IjJlZDk0YzYyLWZjOTEtNDc5My04OTE3LTE5MDVmZmFmZDU3YSIsIm1ldGEiOnsiaW50ZXJhY3Rpb25UeXBlIjoicmVkaXJlY3QifX0%3D%7Chttps%3A%2F%2Fwww.airnewzealand.co.nz%2F,"<input type=""text"" id=""signInName"" name=""Airpoints™ number / username"" title=""Please enter a valid Airpoints™ number / username"" placeholder=""Airpoints™ number / username"" aria-label=""Airpoints™ number / username"" autocomplete=""username webauthn"">",Passkey,"autocomplete = webauthn, get methode, methode vor login","Conditional UI, get mit anonymen parametern, navigator.credentials.get vorhanden, one line js",,
6,8. Juli 2025,ja,https://www.ah.nl/,https://login.ah.nl/login,"<button class=""button_button__dZRSb style_button__xUNh6"" id=""passkey"" name=""passkey"" type=""button""><svg role=""img"" aria-label=""passkey"" style=""width:24px;height:24px""><use href=""/login/static/icons.svg#passkey"" style=""fill:var(--primary-color)""></use></svg>Log in met een Passkey</button>",Passkey,"get methode, methode vor login, passkey button","get mit anonymen parametern, navigator.credentials.get vorhanden, one line js",modal mit nachricht nicht mehr anzeigen kommt,
7,8. Juli 2025,nein,https://www.amazon.com/,https://www.amazon.com/ap/signin?openid.pape.max_auth_age=0&openid.return_to=https%3A%2F%2Fwww.amazon.com%2F%3Fref_%3Dnav_signin&openid.identity=http%3A%2F%2Fspecs.openid.net%2Fauth%2F2.0%2Fidentifier_select&openid.assoc_handle=usflex&openid.mode=checkid_setup&openid.claimed_id=http%3A%2F%2Fspecs.openid.net%2Fauth%2F2.0%2Fidentifier_select&openid.ns=http%3A%2F%2Fspecs.openid.net%2Fauth%2F2.0,,unklar,"get methode, vorherige authentifizierung nötig","navigator.credentials.get vorhanden, navigator.credentials.get({publicKey:) vorhanden, obfuscated js","navigator.credentials.get($b({publicKey:d,mediation:a.mediation} im code vorhanden. In den Account optionen laut doku amazon.",
8,8. Juli 2025,ja,https://forums.ankiweb.net/,https://forums.ankiweb.net/login,"<span class=""d-button-label"">Log in with a passkey<!----></span>",Passkey,"get methode, methode vor login, passkey button","navigator.credentials.get vorhanden, navigator.credentials.get({publicKey:) vorhanden, obfuscated js",,
9,8. Juli 2025,nein,https://www.apple.com/,https://secure8.store.apple.com/shop/signIn?ssi=4AAABl-otP_kBIOdnGCojucI0uhGgTGGIvISNd744a04HiRF7wfD-MLXPAAAAGWh0dHBzOi8vd3d3LmFwcGxlLmNvbS98fHwAAgGYgNTtD1kTHQMGTZz5KXI2PPQXdgU2X01L28JEMLeS7Q,,Passkey,"get methode, vorherige authentifizierung nötig","get mit anonymen parametern, navigator.credentials.get vorhanden, one line js",login url an token gebunden,
10,8. Juli 2025,ja,https://www.arbeitsagentur.de/,https://sso.arbeitsagentur.de/auth/realms/OCP/login-actions/authenticate?execution=ba-username-password-form&client_id=profil-online&tab_id=utA_i8D7aHI&client_data=eyJydSI6Imh0dHBzOi8vd2ViLmFyYmVpdHNhZ2VudHVyLmRlL3Byb2ZpbC9wcm9maWwtdWkvcGQvIiwicnQiOiJjb2RlIiwic3QiOiI1NzRhYzZiYmNhMWU0ZGNkODg4OGNkMTk4NDk5MzdmZSJ9,"<button type=""button"" id=""passkey-btn"" onclick=""{passkeyJs.clickPasskeyButton(event)}"" class=""ba-btn ba-btn-block ba-btn-icon ba-icon-key"">
Mit Passkey anmelden
</button> <input id=""benutzername-input"" name=""username"" autocomplete=""username webauthn"" onkeyup=""{formLogic.onKeyUpUsername(event)}"" class=""form-control "" type=""text"" maxlength=""254"" required="""" value="""" aria-describedby=""eingabe-email-fehler"">",Passkey,"autocomplete = webauthn, get methode, methode vor login, passkey button","Conditional UI, navigator.credentials.get vorhanden, navigator.credentials.get({publicKey:) vorhanden",,
11,8. Juli 2025,ja,https://app.arpari.com/login,https://app.arpari.com/login,"<input type=""text"" class=""input psg-input"" part=""input"" autocomplete=""email webauthn"" inputmode=""email"" id=""identifier"" mailto:placeholder=%22example@email.com"" data-testid=""identifier-input"">",Passkey,"autocomplete = webauthn, get methode, methode vor login","Conditional UI, navigator.credentials.create vorhanden, navigator.credentials.get vorhanden, navigator.credentials.get({publicKey:) vorhanden, obfuscated js",signup seite nutzt passkeys direkt nach eingabe der mail,
12,8. Juli 2025,ja,https://www.authgear.com/,https://accounts.portal.authgear.com/signup?client_id=portal&redirect_uri=https%3A%2F%2Fportal.authgear.com%2Foauth-redirect&state=eyJvcmlnaW5hbFBhdGgiOiIvP19nbD0xKjd1NnU3YypfZ2NsX2F1Kk9Ua3lOelUzTkRNMkxqRTNOVEU1T0RJME56SS4ifQ%3D%3D&x_settings_action_id=,"<button class=""secondary-btn w-full"" type=""button"" data-action=""click->authflow-passkey-request#use"" data-authgear-event=""authgear.button.use_passkey"" data-authflow-passkey-request-target=""button"">
<div class=""secondary-btn__alternative-option-content--no-badge"">
<i class=""secondary-btn__icon--material material-icons"">
passkey
</i>
<span>
Continue with Passkey
</span>
</div>

</button>",Passkey,"get methode, methode vor login, passkey button","get mit anonymen parametern, navigator.credentials.create vorhanden, navigator.credentials.get vorhanden",gut dokumentierter code,"github, google"
13,8. Juli 2025,ja,https://www.authsignal.com/,https://portal.authsignal.com/users/sign_in,"<input class=""w-full rounded p-3 focus:border-indigo-500 focus:ring-indigo-500 border-gray-300 shadow-sm border-[1px] dark:bg-ash-500 dark:border-ash-500 dark:text-ash-50"" name=""username"" autocomplete=""username webauthn"" id="":r0:-form-item"" aria-describedby="":r0:-form-item-description"" aria-invalid=""false"" value="""">       <button class=""focus-visible:ring-ring relative inline-flex w-full items-center justify-center gap-2 rounded text-base font-medium transition focus-visible:outline-none focus-visible:ring-2 focus-visible:ring-offset-2 bg-ash-500 hover:bg-ash-900 border-ash-500 hover:border-ash-900 disabled:hover:bg-ash-500 disabled:hover:border-ash-500 border text-white disabled:opacity-50 px-6 py-3 dark:bg-social-purple dark:hover:bg-social-purple/80 dark:disabled:bg-social-purple/80 dark:disabled:hover:bg-social-purple/80 dark:text-black"" type=""button"">Log in with a passkey <svg class=""size-8"" xml:space=""preserve"" viewBox=""0 0 216 216"" aria-hidden=""true""><style>.st1{fill-rule:evenodd;clip-rule:evenodd;fill:currentColor}</style><g id=""Isolation_Mode""><path d=""M0 0h216v216H0z"" style=""fill: none;""></path><path d=""M172.32 96.79c0 13.78-8.48 25.5-20.29 29.78l7.14 11.83-10.57 13 10.57 12.71-17.04 22.87-12.01-12.82V125.7c-10.68-4.85-18.15-15.97-18.15-28.91 0-17.4 13.51-31.51 30.18-31.51 16.66 0 30.17 14.11 30.17 31.51zm-30.18 4.82c4.02 0 7.28-3.4 7.28-7.6 0-4.2-3.26-7.61-7.28-7.61s-7.28 3.4-7.28 7.61c-.01 4.2 3.26 7.6 7.28 7.6z"" class=""st1""></path><path d=""M172.41 96.88c0 13.62-8.25 25.23-19.83 29.67l6.58 11.84-9.73 13 9.73 12.71-17.03 23.05v-85.54c4.02 0 7.28-3.41 7.28-7.6 0-4.2-3.26-7.61-7.28-7.61V65.28c16.73 0 30.28 14.15 30.28 31.6z"" style=""fill-rule: evenodd; clip-rule: evenodd; fill: currentcolor;""></path><path d=""M120.24 131.43c-9.75-8-16.3-20.3-17.2-34.27H50.8c-10.96 0-19.84 9.01-19.84 20.13v25.17c0 5.56 4.44 10.07 9.92 10.07h69.44c5.48 0 9.92-4.51 9.92-10.07v-11.03z"" class=""st1""></path><path d=""M73.16 91.13c-2.42-.46-4.82-.89-7.11-1.86-8.65-3.63-13.69-10.32-15.32-19.77-1.12-6.47-.59-12.87 2.03-18.92 3.72-8.6 10.39-13.26 19.15-14.84 5.24-.94 10.46-.73 15.5 1.15 7.59 2.82 12.68 8.26 15.03 16.24 2.38 8.05 2.03 16.1-1.56 23.72-3.72 7.96-10.21 12.23-18.42 13.9-.68.14-1.37.27-2.05.41-2.41-.03-4.83-.03-7.25-.03z"" style=""fill: currentcolor;""></path></g></svg></button>",Passkey,"autocomplete = webauthn, get methode, methode vor login, passkey button","Conditional UI, get mit anonymen parametern, navigator.credentials.create vorhanden, navigator.credentials.get vorhanden",,
14,8. Juli 2025,nein,http://bagou450.com/,,,unklar,,,seite ist discontinued,
15,8. Juli 2025,ja,https://bestbuy.com/,https://www.bestbuy.com/identity/signin?token=tid%3A3661ec8c-5c0e-11f0-aa81-0e981d7c7b8f,"<button class=""c-button c-button-outline c-button-lg c-button-block c-button-icon c-button-icon-leading svg-button webauthn-button"" type=""button"" data-track=""Sign In - WebAuthn Button"" style=""height: 40px;""><svg xmlns=""http://www.w3.org/2000/svg"" xml:space=""preserve"" viewBox=""0 0 24 24"" aria-hidden=""true"" role=""img"" class=""passkey-icon""><path d=""M13.75 22.46h-8.5c-1.52 0-2.75-1.23-2.75-2.75v-.21c0-3.86 3.14-7 7-7 1.39 0 2.73.41 3.88 1.17.34.23.44.7.21 1.04s-.7.44-1.04.21c-.9-.6-1.96-.92-3.05-.92A5.51 5.51 0 0 0 4 19.5v.21c0 .69.56 1.25 1.25 1.25h8.5c.33 0 .65-.13.88-.37.29-.29.77-.29 1.06 0s.29.77 0 1.06c-.51.52-1.2.81-1.94.81M9.5 11C7.02 11 5 8.98 5 6.5S7.02 2 9.5 2 14 4.02 14 6.5 11.98 11 9.5 11m0-7.5c-1.65 0-3 1.35-3 3s1.35 3 3 3 3-1.35 3-3-1.35-3-3-3M18 12c-.55 0-1-.45-1-1s.45-1 1-1 1 .45 1 1-.45 1-1 1""></path><path d=""m20.94 14.6-.47-.47C23.43 11.86 21.75 6.96 18 7c-3.98-.03-5.49 5.34-2.11 7.4v4.66c0 .2.08.39.22.53l1.32 1.32c.29.29.77.29 1.06 0l2.42-2.42c.31-.29.29-.83-.04-1.1l-.81-.71c.43-.61 1.58-1.33.88-2.08m-2.43 2.72.77.67-1.32 1.32-.57-.57v-4.79c-.03-.24-.13-.5-.36-.62-.9-.44-1.55-1.3-1.54-2.33a2.5 2.5 0 0 1 2.5-2.5c2.67 0 3.45 3.69 1.02 4.79-.51.16-.66.86-.28 1.23l.64.64-.95 1.09a.78.78 0 0 0 .09 1.07""></path></svg>Sign in with a Passkey</button>",Passkey,"autocomplete = webauthn, create methode, get methode, methode vor login, passkey button","Conditional UI, get mit anonymen parametern, navigator.credentials.create vorhanden, navigator.credentials.get vorhanden, obfuscated js",/gsi/client.js  gebunden an token. auth url muss aufgerufen werden,google
16,9. Juli 2025,nein,https://www.beyondidentity.com/,,,unklar,vorherige authentifizierung nötig,,login nur mit anmelde daten ohne regestrierung,
17,9. Juli 2025,ja,https://bitwarden.com/,https://vault.bitwarden.com/#/login,"<button type=""button"" bitbutton="""" block="""" buttontype=""secondary"" class=""!tw-text-primary-600 focus-visible:tw-ring-2 focus-visible:tw-ring-offset-2 focus-visible:tw-ring-primary-600 focus-visible:tw-z-10 focus:tw-outline-none hover:!tw-text-contrast hover:tw-bg-primary-600 hover:tw-border-primary-600 hover:tw-no-underline tw-bg-transparent tw-block tw-border-2 tw-border-primary-600 tw-border-solid tw-font-semibold tw-no-underline tw-px-3 tw-py-1.5 tw-rounded-full tw-text-center tw-transition tw-w-full""><span class=""tw-relative""><span><i class=""bwi bwi-passkey tw-mr-1""></i> Log in with passkey </span><span class=""tw-absolute tw-inset-0 tw-flex tw-items-center tw-justify-center tw-invisible""><i aria-hidden=""true"" class=""bwi bwi-spinner bwi-lg bwi-spin""></i></span></span></button>",Passkey,"create methode, get call after side loading, get methode, methode vor login, passkey button","navigator.credentials.create vorhanden, navigator.credentials.get vorhanden","create methode gefunden, get wird erst nach klick des buttons geladen? nicht auffindbar?","X, github, google"
18,9. Juli 2025,ja,https://community.bitwarden.com/,https://community.bitwarden.com/login,"<span class=""d-button-label"">Log in with a passkey<!----></span> <input id=""login-account-name"" class=""ember-text-field ember-view"" autocomplete=""username webauthn"" autocorrect=""off"" autocapitalize=""none"" autofocus=""autofocus"" tabindex=""1"" type=""email"">",Passkey,"autocomplete = webauthn, get methode, methode vor login, passkey button","Conditional UI, navigator.credentials.create vorhanden, navigator.credentials.get vorhanden, navigator.credentials.get({publicKey:) vorhanden",,google
19,9. Juli 2025,nein,https://www.bmw.com/en/index.html,https://customer.bmwgroup.com/oneid/#/login?client=bmwwebcom&country=DE&language=de&brand=bmw&scope=svds%20remote_services%20vehicle_data%20authenticate_user%20smacc%20fupo%20cesim%20perseus&response_type=code&redirect_uri=https%3A%2F%2Fwww.bmw.de%2Fstatic%2Flogin%2Ftoken-handler&state=eyJyZXR1cm5VUkwiOiJodHRwczovL3d3dy5ibXcuZGUvZGUvbmV1ZmFocnpldWdlLmh0bWw/dGw9Z3JwLXdkcGwtYmNvbS1taXgtbW4tLi1uc2NmLS4tLi0mZmx5b3V0PW9wZW4iLCJkYXRhIjp7Imxhbmd1YWdlIjoiZGUiLCJjb3VudHJ5IjoiREUiLCJicmFuZCI6ImJtdyJ9fQ==&epaas_consenttoken=197ee68abf4a7b5a2a24fb1376b000000000ZGVfREV8ZHMyfmJtdy1kZQ,,Passkey,"create methode, get methode, vorherige authentifizierung nötig","navigator.credentials.create vorhanden, navigator.credentials.get vorhanden, navigator.credentials.get({publicKey:) vorhanden",,
20,9. Juli 2025,nein,https://bolt.eu/de-de/,,,unklar,,,keine login seite?,
21,9. Juli 2025,nein,https://www.boursorama.com/,https://clients.boursobank.com/connexion/?at_medium=autopromo&at_campaign=header_portail_connexion,,unklar,get methode,"navigator.credentials.create vorhanden, navigator.credentials.get vorhanden",Bank Webseite. unterschied zwischen mitglied und kunde nicht ganz klar. ohne konto kein login versuch,
22,9. Juli 2025,nein,https://www.breadfinancial.com/,https://member-portal.breadpayments.com/,,unklar,vorherige authentifizierung nötig,,Bank Webseite. keine hinweise auf passkeys. merchant login über drittanbieter unterstützt passkey?,
23,9. Juli 2025,nein,https://www2.bridgecrest.com/,https://auth.bridgecrest.com/u/login/identifier?state=hKFo2SBWUFRJWUpYU2Z0aElrSWhvZDZoazBSbVh2Slc5TGIwbKFur3VuaXZlcnNhbC1sb2dpbqN0aWTZIDJrdWljVVUtUFgxbnVsS05JNHV1UjZjclFhRldLUGM3o2NpZNkgSVBkc29sUjFUYWJHQklLZklqR1RnVnZMWUlheGt1RVI,,unklar,"get methode, vorherige authentifizierung nötig",,login url an token gebunden,
24,9. Juli 2025,nein,https://www.canva.com/de_de/,https://www.canva.com/de_de/,,unklar,get methode,"navigator.credentials.get vorhanden, navigator.credentials.get({publicKey:) vorhanden",,google
25,9. Juli 2025,ja,https://www.capecodfive.com/,https://online.capecodfive.com/login,"<input aria-labelledby=""username-label"" title=""username"" id=""username"" type=""text"" spellcheck=""false"" autocorrect=""off"" autocapitalize=""none"" autofocus="""" autocomplete=""username webauthn"" error-message=""Wrong username!"" value="""" aria-label=""Username"">",Passkey,"autocomplete = webauthn, get methode, methode vor login","Conditional UI, get mit anonymen parametern, navigator.credentials.get vorhanden, obfuscated js",,
26,10. Juli 2025,ja,https://cardpointers.com,https://cardpointers.com/login/,"<input id=""email"" name=""email"" type=""email"" autocomplete=""email username webauthn"" required=""required"" class=""block w-full px-3 py-2 placeholder-gray-400 border border-gray-300 rounded-md shadow-sm appearance-none focus:outline-none focus:ring-cpink focus:border-cpink sm:text-sm"" data-v-ba6cef9a="""">",Passkey,"autocomplete = webauthn, get call after side loading, get methode, methode vor login","Conditional UI, get mit anonymen parametern, navigator.credentials.create({publicKey:, navigator.credentials.get({publicKey:) vorhanden, one line js",,
27,10. Juli 2025,nein,https://www.caremark.com/,https://www.caremark.com/digital-fast/caremark-login-web/#/login,,Passkey,"create methode, get call after side loading, get methode, vorherige authentifizierung nötig",,,
28,10. Juli 2025,nein,https://cash.app/,https://cash.app/login,,Passkey,vorherige authentifizierung nötig,"navigator.credentials.get({publicKey:) vorhanden, obfuscated js",,
29,10. Juli 2025,nein,https://chekspend.com/,https://secure.chekspend.com/#/login,,Passkey,"get methode, methode vor login, passkey button","get mit anonymen parametern, navigator.credentials.create({publicKey:, navigator.credentials.get({publicKey:) vorhanden",in flutter geschrieben,
30,10. Juli 2025,ja,https://ai.cloze.com/,https://www.cloze.com/in/,,Passkey,"autocomplete = webauthn, get call after side loading, get methode, methode vor login","Conditional UI, get mit anonymen parametern",,google
31,10. Juli 2025,ja,https://www.coinbase.com/de,https://login.coinbase.com/signin?client_id=258660e1-9cfe-4202-9eda-d3beedb3e118&oauth_challenge=e177715a-2a59-4120-8285-501c7c177a67,"<span class=""cds-startIcon-s53zxgv""><svg width=""16"" height=""17"" viewBox=""0 0 16 17"" fill=""none"" xmlns=""http://www.w3.org/2000/svg""><path d=""M5.37256 0.93801C4.02536 1.22585 2.8994 2.35696 2.55569 3.75968C2.43717 4.24618 2.43717 5.05701 2.55569 5.5435C2.90335 6.9665 4.02141 8.07328 5.40417 8.36518C5.62936 8.41383 5.8506 8.42599 6.30098 8.41383C6.80668 8.39356 6.941 8.37734 7.22941 8.28004C8.02746 8.01652 8.62007 7.59489 9.08625 6.95434C9.38256 6.55298 9.56429 6.18405 9.70652 5.71783C9.80529 5.38944 9.81319 5.30836 9.81319 4.65159C9.81319 3.99482 9.80529 3.91374 9.70652 3.58536C9.3312 2.33668 8.45809 1.43261 7.22941 1.02315C6.92915 0.921793 6.82643 0.909631 6.26148 0.897468C5.83875 0.88936 5.54639 0.901522 5.37256 0.93801Z"" fill=""white""></path><path d=""M12.5633 5.55967C11.9983 5.68129 11.5045 5.96508 11.0817 6.41509C10.2995 7.23808 10.0625 8.4908 10.4891 9.56515C10.7064 10.1165 11.1963 10.6922 11.6862 10.976L11.9272 11.1179L11.9312 13.3882V15.6585L12.5356 16.2747L13.1401 16.895L14.1633 15.8409L15.1905 14.7869L14.5781 14.1585L13.9658 13.5301L14.5702 12.9098C14.8982 12.5693 15.1708 12.2733 15.1708 12.253C15.1708 12.2328 14.9535 11.9895 14.6888 11.7179C14.4241 11.4463 14.2147 11.2152 14.2226 11.2071C14.2344 11.199 14.3846 11.1138 14.5584 11.0125C15.2142 10.6395 15.7397 9.94218 15.9214 9.20839C16.0162 8.8273 16.0281 8.11782 15.9411 7.75295C15.7081 6.73131 14.9021 5.884 13.8986 5.60021C13.5944 5.51507 12.8754 5.4948 12.5633 5.55967ZM13.6023 6.90564C13.7959 7.04348 13.9855 7.38808 13.9855 7.607C13.9855 7.81377 13.8196 8.15026 13.6576 8.27594C13.4759 8.41783 13.148 8.48675 12.9386 8.42999C12.5988 8.33269 12.3302 7.97593 12.3262 7.61917C12.3223 6.94618 13.069 6.52861 13.6023 6.90564Z"" fill=""white""></path><path d=""M4.16802 9.78411C2.34279 10.0719 0.809901 11.4098 0.233093 13.218C0.0355566 13.8423 0 14.1585 0 15.3585V16.4491H5.33349H10.667V14.1382V11.8274L10.3509 11.5193C9.99536 11.1706 9.71486 10.7976 9.51337 10.4084L9.37904 10.1449L8.94446 9.99492C8.23728 9.75167 7.90147 9.71924 6.09993 9.72329C4.97397 9.72735 4.42087 9.74356 4.16802 9.78411Z"" fill=""white""></path></svg></span><span class=""cds-positionRelative-pa1s919""><span class=""cds-typographyResets-t6muwls cds-headline-h4steop cds-secondaryForeground-sy4giet cds-transition-t1qvlahm cds-start-s1u0g7ow""><span class="""">Mit Passkey anmelden</span></span></span><span class=""cds-endIcon-e1966ejt""><div></div></span>","FedCM, Passkey","autocomplete = webauthn, get methode, methode vor login, passkey button","Conditional UI, get mit anonymen parametern, navigator.credentials.get({publicKey:) vorhanden, obfuscated js",,"apple, google"
32,10. Juli 2025,ja,https://www.computerbase.de/,https://www.computerbase.de/forum/login/,"<form action=""/forum/login/login"" method=""post"" class="""" data-xf-init=""webauthn"" data-type=""get"" data-autotrigger=""false"" data-autosubmit=""true"" data-verifying=""Überprüfe…"">
<input type=""hidden"" name=""_xfToken"" value=""1752140028,6fee967d4aa6242076dffc8c33d8b691"">


<button type=""button"" class=""button button--icon button--provider button--provider--passkey js-webauthnStart""><span class=""button-text"">
Passkey
</span></button>

<input type=""hidden"" name=""webauthn_payload"" value="""">
<input type=""hidden"" name=""webauthn_challenge"" value=""PXFNOvEIHqkRDriQBEsERMsWr0qWnhtiPZLJ6C8lhIbc6gZM4MsxQuYO7nHys6JrgADduLYwzXHJnM52aMfYrsmItp9qV4weN7IzNMc2VR_7s4iLCGphL3HEno3yXx9h"">


</form>",Passkey,"get methode, methode vor login, passkey button","navigator.credentials.create vorhanden, navigator.credentials.get vorhanden, obfuscated js",,google
33,10. Juli 2025,ja,https://www.corbado.com/,https://app.corbado.com/?pk_vid=0be544d8f995f05f175214030824d1ff#login-init,"<input autocomplete=""username webauthn"" aria-label=""Email address"" id=""email"" class=""cb-text-2 cb-input cb-input-error"" type=""email"" name=""email"" data-gtm-form-interact-field-id=""0"">",Passkey,"autocomplete = webauthn, get call after side loading, get methode, methode vor login","Conditional UI, get mit anonymen parametern, navigator.credentials.create vorhanden, navigator.credentials.get vorhanden, obfuscated js, one line js",,"github, google, microsoft"
34,10. Juli 2025,nein,https://www.coveto.de/,https://www.coveto.de/login,,unklar,,,keine anzeichen auf passkeys ?,
35,10. Juli 2025,ja,https://www.cutx.org/,https://online.cutx.org/login,"<input aria-labelledby=""username-label"" title=""username"" id=""username"" type=""text"" spellcheck=""false"" autocorrect=""off"" autocapitalize=""none"" autofocus="""" autocomplete=""username webauthn"" error-message=""Wrong username!"" value="""" aria-label=""Username"">",Passkey,"autocomplete = webauthn, get call after side loading, get methode, methode vor login","Conditional UI, get mit anonymen parametern, navigator.credentials.get vorhanden, obfuscated js",,
36,10. Juli 2025,ja,https://crowdin.com/,https://accounts.crowdin.com/login,"<a id=""passkey-login"" class=""btn btn-sso btn-outline-secondary btn-sm unselectable d-flex"" href=""javascript:void(0);"">
<span class=""material-symbols-outlined mr-2"">passkey</span>
<span class=""small text-center"">Use Passkey</span>
</a>",Passkey,"create methode, get methode, methode vor login, passkey button","get mit anonymen parametern, navigator.credentials.create({publicKey:, navigator.credentials.get({publicKey:) vorhanden, one line js",,"X, github, gitlab, google, microsoft"
37,10. Juli 2025,ja,https://mycurricula.com/login,https://mycurricula.com/login,"<button type=""button"" wire:loading.attr=""disabled"" x-data=""{
form: null,
isUploadingFile: false,
isHovered: false,
}"" x-bind:disabled=""isUploadingFile"" @click=""isHovered = !isHovered"" @mouseleave=""isHovered = false"" x-init=""
form = $el.closest('form')

form?.addEventListener('file-upload-started', () => {
isUploadingFile = true
})

form?.addEventListener('file-upload-finished', () => {
isUploadingFile = false
})

"" x-bind:class=""{ 'enabled:opacity-70 enabled:cursor-wait': isUploadingFile }"" class=""flex w-full items-center gap-1 font-medium rounded border transition-colors outline-none justify-center min-h-[2.5rem] px-6 text-sm"" onclick=""passkeys.login()"" id=""passkey-button"">
<!--[if BLOCK]><![endif]-->            <!--[if BLOCK]><![endif]--><!--[if ENDBLOCK]><![endif]-->
<!--[if BLOCK]><![endif]--><!--[if ENDBLOCK]><![endif]-->
<!--[if ENDBLOCK]><![endif]-->

<span class=""flex items-center gap-1"">
<!--[if BLOCK]><![endif]-->                <span class=""whitespace-nowrap"">
<div class=""flex gap-1"" id=""sign-in-with-passkey"">
<svg class=""svg-inline--fa fa-key h-5 w-5"" aria-hidden=""true"" focusable=""false"" data-prefix=""far"" data-icon=""key"" role=""img"" xmlns=""http://www.w3.org/2000/svg"" viewBox=""0 0 512 512"" data-fa-i2svg=""""><path fill=""currentColor"" d=""M208 176c0-70.7 57.3-128 128-128s128 57.3 128 128s-57.3 128-128 128c-10.4 0-20.5-1.2-30.1-3.6c-8.1-2-16.7 .4-22.6 6.4L254.1 336 200 336c-13.3 0-24 10.7-24 24l0 40-40 0c-13.3 0-24 10.7-24 24l0 40-64 0 0-78.1L205.2 228.7c5.9-5.9 8.3-14.5 6.4-22.6c-2.3-9.6-3.6-19.7-3.6-30.1zM336 0C238.8 0 160 78.8 160 176c0 9.5 .7 18.8 2.2 27.9L7 359c-4.5 4.5-7 10.6-7 17L0 488c0 13.3 10.7 24 24 24l112 0c13.3 0 24-10.7 24-24l0-40 40 0c13.3 0 24-10.7 24-24l0-40 40 0c6.4 0 12.5-2.5 17-7l27.2-27.2c9.1 1.4 18.4 2.2 27.9 2.2c97.2 0 176-78.8 176-176S433.2 0 336 0zm32 176a32 32 0 1 0 0-64 32 32 0 1 0 0 64z""></path></svg><!-- <i class=""fa-regular fa-key w-5 h-5""></i> -->





<span>Sign In with a Passkey</span>
</div>
</span>
<!--[if ENDBLOCK]><![endif]-->
</span>

<!--[if BLOCK]><![endif]--><!--[if ENDBLOCK]><![endif]-->
</button>",Passkey,"create methode, get call after side loading, get methode, methode vor login","get mit anonymen parametern, navigator.credentials.create vorhanden, navigator.credentials.get vorhanden, one line js",,"google, microsoft"
38,10. Juli 2025,ja,https://customerping.ai/,https://customerping.ai/app/login/,"<input part=""input text-input"" aria-label=""Email"" class=""hanko_input"" name=""email"" type=""email"" autocomplete=""username webauthn"" autocorrect=""off"" required="""" placeholder=""Email"" pattern=""^.*[^0-9]+$""> <li part=""form-item"" class=""hanko_li""><button part=""button secondary-button"" type=""submit"" class=""hanko_button hanko_secondary""><div class=""hanko_loadingSpinnerWrapperIcon""><svg id=""icon-passkey"" xmlns=""http://www.w3.org/2000/svg"" viewBox=""3 1.5 19.5 19"" width=""18"" height=""18"" class=""hanko_icon hanko_secondary""><g id=""icon-passkey-all""><circle id=""icon-passkey-head"" cx=""10.5"" cy=""6"" r=""4.5""></circle><path id=""icon-passkey-key"" d=""M22.5,10.5a3.5,3.5,0,1,0-5,3.15V19L19,20.5,21.5,18,20,16.5,21.5,15l-1.24-1.24A3.5,3.5,0,0,0,22.5,10.5Zm-3.5,0a1,1,0,1,1,1-1A1,1,0,0,1,19,10.5Z""></path><path id=""icon-passkey-body"" d=""M14.44,12.52A6,6,0,0,0,12,12H9a6,6,0,0,0-6,6v2H16V14.49A5.16,5.16,0,0,1,14.44,12.52Z""></path></g></svg>Sign in with a passkey</div></button></li>",Passkey,"autocomplete = webauthn, get methode, methode vor login, passkey button","Conditional UI, get mit anonymen parametern, navigator.credentials.create vorhanden, navigator.credentials.get vorhanden, obfuscated js",,"github, google"
39,10. Juli 2025,nein,https://www.cvsspecialty.com/,https://www.cvsspecialty.com/digital-fastproxy/specialty/#/login,,unklar,,,keine anzeichen von Passkeys vor dem login,
40,10. Juli 2025,ja,https://www.datapacket.com/,https://app.datapacket.com/login,"<button type=""submit"" class=""group grid outline-hidden w-full""><span class=""relative h-full select-none whitespace-nowrap grid place-items-center border font-medium transition-all group-focus:ring-offset-1 group-focus-visible:outline-hidden group-focus-visible:ring-2 group-active:translate-y-0.5 group-active:scale-99 group-disabled:cursor-not-allowed group-disabled:translate-y-0 group-disabled:scale-100 py-3 px-4 border-surface-6 bg-surface-1 text-primary-10 group-hover:border-surface-8 group-hover:bg-surface-2 group-focus-visible:ring-primary-8 group-disabled:bg-surface-2 group-disabled:text-surface-9/80 group-disabled:border-surface-5 shadow-xs text-base rounded-md ""><span class=""col-start-1 col-end-2 flex w-full items-center justify-center gap-2 transition-opacity ""><!--[--><span class=""flex-none empty:hidden h-6 w-6""><!----><!----><svg xmlns=""http://www.w3.org/2000/svg"" viewBox=""0 0 24 24"" fill=""none"" stroke=""currentColor"" stroke-width=""2"" stroke-linecap=""round"" stroke-linejoin=""round"" class=""stroke-[1.5]"" slot=""prefix""><!----><path d=""M2 18v3c0 .6.4 1 1 1h4v-3h3v-3h2l1.4-1.4a6.5 6.5 0 1 0-4-4Z""></path><circle cx=""16.5"" cy=""7.5"" r="".5""></circle><!----></svg><!----><!----></span><!--]--> <span><!----><!----><!---->Log in with passkey<!----><!----></span> <!--[--><span class=""flex-none empty:hidden h-6 w-6""><!----><!----><!----><!----></span><!--]--></span> <!--[!--><!--]--></span></button>",Passkey,"get methode, methode vor login, passkey button","navigator.credentials.create({publicKey:, navigator.credentials.get({publicKey:) vorhanden",,
41,10. Juli 2025,ja,https://www.daylite.app/,https://www.marketcircle.com/account/login,"<div id=""username"" class=""form-group is-required ember-view""><!---->      <input autocomplete=""username webauthn"" required="""" name=""username"" id=""username-field"" class=""form-control ember-view"" type=""email"">

<!---->
<!---->
<!----></div>",Passkey,"autocomplete = webauthn, create methode, get call after side loading, get methode, methode vor login","Conditional UI, navigator.credentials.create vorhanden, navigator.credentials.get vorhanden, obfuscated js",,
42,10. Juli 2025,ja,https://www.passkeys.guru/,https://www.passkeys.guru/,"<descope-hybrid-field size=""md"" autocomplete=""webauthn"" bordered=""true"" country-input-label=""Code"" country-input-placeholder=""Code"" default-code=""DE"" external-input=""false"" full-width=""true"" id=""9AN8Gjajwz"" label=""Email or Phone"" label-type=""floating"" name=""user-externalId"" phone-format-value=""false"" phone-input-label=""Phone"" phone-strict-validation=""false"" phone-variant=""countrySelection"" placeholder="""" required=""true"" class=""descope-hybrid-field descope-input-wrapper""></descope-hybrid-field>",Passkey,"autocomplete = webauthn, get call after side loading, methode vor login","Conditional UI, get mit anonymen parametern, navigator.credentials.create vorhanden, navigator.credentials.get vorhanden, obfuscated js, one line js",,
43,10. Juli 2025,ja,https://www.telekom.de/start,https://accounts.login.idm.telekom.com/oauth2/auth?scope=openid&claims=%7B%22id_token%22%3A%7B%22urn%3Atelekom.com%3Aall%22%3A+%7B%22essential%22%3A+true%7D%7D%7D&response_type=code&state=sCNmNDn2y1RwH2Zu1bSHFIK8LVYwQCoS&redirect_uri=https%3A%2F%2Fwww.telekom.de%2Fkundencenter%2Fredirecturi&nonce=zsr8IKAKFxMqEgP1pK5uGut3qW83jEe9&client_id=10LIVESAM30000004901PHOENIXCSC0000000000,"<div class=""text-field text-field--type-email text-field--variant-informational""><label class=""text-field__label"" for=""input-text-field-0"">Benutzername</label><input type=""email"" inputmode=""text"" class=""text-field__control"" name=""pw_usr"" maxlength=""256"" id=""input-text-field-0"" autocomplete=""username webauthn""></div>",Passkey,"autocomplete = webauthn, create methode, get methode, methode vor login","Conditional UI, get mit anonymen parametern, navigator.credentials.create vorhanden, navigator.credentials.get vorhanden",,
44,10. Juli 2025,nein,https://devolutions.net/,https://login.devolutions.com/op/login,,unklar,"get methode, vorherige authentifizierung nötig",,zentrales login für portal und forum aber passkeys scheinen hinter login zu sein,
45,10. Juli 2025,ja,http://app.dext.com/sign/in,http://app.dext.com/sign/in,"<div class=""sso-button js-passkey-login-button"" data-bootstraped="".js-passkey-login-button""><a href=""#""><img src=""/assets/third_party/passkey-b8926c2e3aa69befabf230bdc887ae978ecf611d77ecd36e15fe1be63e3195da.svg"">Passkey</a></div>",Passkey,"autocomplete = webauthn, get methode, methode vor login, passkey button","Conditional UI, get mit anonymen parametern, navigator.credentials.create({publicKey:, navigator.credentials.get({publicKey:) vorhanden, obfuscated js",,"apple, google"
46,10. Juli 2025,nein,https://dinero.dk/,https://connect.visma.com/?returnUrl=%2Fconnect%2Fauthorize%2Fcallback%3Fclient_id%3Ddinero%26redirect_uri%3Dhttps%253A%252F%252Fapp.dinero.dk%252Fsignin-oidc%26response_type%3Dcode%2520id_token%26scope%3Dopenid%2520profile%2520email%2520roles%26response_mode%3Dform_post%26nonce%3D638877434287129410.ZTU5OGQ4MWUtNDg2OS00NGQ1LWE3MzctNTQwOWJkY2RhNjJhMWVkNzNmMDctNGNmMy00YTdiLWE1YjYtMjdmNmExNWMzODY2%26state%3DCfDJ8IiuaGEVxBVJjTO5tUpz94LUDraTOdXj-qVfN2PGMrkQrzdRIYjUOQcLVS2gXNSROWb512ezTACESRaZSuNkCWCzQBEIxmng0GCq2YWn15-OH70--r22EbKxjQrmpnPDPzPVUXoTIYAWVcNAHxOQtbgTCmKOmIJe0XI_hxylqkIKHIEEB3g4vf4yRXgtT21DENTlVRK6i9LIV15Cty54ka0sx7OKZVbU2UmsjbyJ_1aWIrOGCyi7TzEkz0dJ3h7qXL8IRw8V5HEcY77Obh_df163EzK7quT_W7SNvyglJEHZ%26x-client-SKU%3DID_NET8_0%26x-client-ver%3D7.1.2.0,,unklar,,,,"apple, google, microsoft"
47,10. Juli 2025,ja,https://discord.com/,https://discord.com/login,"<input class=""inputDefault__0f084 input__0f084 inputField_d64f22"" id=""uid_32"" placeholder="""" aria-label=""E-Mail oder Telefonnummer"" required="""" autocomplete=""webauthn"" autocapitalize=""none"" autocorrect=""off"" maxlength=""999"" spellcheck=""false"" aria-labelledby="":r0:"" type=""text"" value="""" name=""email""> <div class=""text-md/normal_cf4812"" style=""color: var(--header-secondary);"" data-text-variant=""text-md/normal"">Scanne den Code mit der <strong>Discord-App</strong> und logge dich sofort ein.</div>",Passkey,"autocomplete = webauthn, create methode, get call after side loading, get methode, methode vor login, passkey button","Conditional UI, get mit anonymen parametern, navigator.credentials.create vorhanden, navigator.credentials.get vorhanden, obfuscated js",,
48,10. Juli 2025,nein,https://discourse.org/,,,unklar,,,kein login gefunden? app basiert?,
49,10. Juli 2025,nein,https://id.smt.docomo.ne.jp/src/index.html,,,unklar,,,captcha,
50,10. Juli 2025,ja,https://documenso.com/de/,https://app.documenso.com/signin,"<button class=""inline-flex items-center justify-center text-sm font-medium transition-colors focus-visible:outline-none focus-visible:ring-2 focus-visible:ring-ring focus-visible:ring-offset-2 disabled:opacity-50 disabled:pointer-events-none ring-offset-background border-input hover:bg-accent hover:text-accent-foreground h-11 px-8 rounded-md bg-background text-muted-foreground border"" type=""button""><svg xmlns=""http://www.w3.org/2000/svg"" width=""24"" height=""24"" viewBox=""0 0 24 24"" fill=""none"" stroke=""currentColor"" stroke-width=""2"" stroke-linecap=""round"" stroke-linejoin=""round"" class=""-ml-1 mr-1 h-5 w-5""><path d=""M2 18v3c0 .6.4 1 1 1h4v-3h3v-3h2l1.4-1.4a6.5 6.5 0 1 0-4-4Z""></path><circle cx=""16.5"" cy=""7.5"" r="".5""></circle></svg>Passkey</button>",Passkey,"get methode, methode vor login, passkey button","get mit anonymen parametern, navigator.credentials.create vorhanden, navigator.credentials.get vorhanden, obfuscated js",,google
51,10. Juli 2025,nein,https://www.docusign.com/,https://apps.docusign.com/send,,unklar,vorherige authentifizierung nötig,,,
52,10. Juli 2025,nein,https://duke.edu/,https://shib.oit.duke.edu/idp/authn/external?conversation=e2s1,,unklar,vorherige authentifizierung nötig,,unbrauchbar gebunden an token,"apple, google"
53,10. Juli 2025,nein,https://www.ebay.com/,https://signin.ebay.com/ws/eBayISAPI.dll?SignIn&ru=https%3A%2F%2Fwww.ebay.com%2Fmye%2Fmyebay%2Fsummary&sgfl=sm&smuid=4e3b66f3-5d83-11f0-bb8b-f7e43ec67368,,Passkey,vorherige authentifizierung nötig,,passkey aus persönlicher erfahrung vorhanden hinter login,"apple, google"
54,10. Juli 2025,nein,https://ee.co.uk/,https://auth.ee.co.uk/e2ea8fbf-98c0-4cf1-a2df-ee9d55ef69c3/b2c_1a_rpbt_signupsignin/oauth2/v2.0/authorize?client_id=af12d787-0a10-4f7a-b1c9-0b626d58770d&scope=openid%20offline_access%20https%3A%2F%2Fauth.ee.co.uk%2Fapi%2Fdigital.persn-id.id.read%20https%3A%2F%2Fauth.ee.co.uk%2Fapi%2Fdigital.persn-id.read%20https%3A%2F%2Fauth.ee.co.uk%2Fapi%2Fdigital.mble-sub.allowances-data.read%20https%3A%2F%2Fauth.ee.co.uk%2Fapi%2Fdigital.mble-sub.device-used.read%20https%3A%2F%2Fauth.ee.co.uk%2Fapi%2Fdigital.mble-sub.prepay-credit.read%20https%3A%2F%2Fauth.ee.co.uk%2Fapi%2Fdigital.mble-sub.packs.read%20https%3A%2F%2Fauth.ee.co.uk%2Fapi%2Fdigital.mble-sub.allowances-prepay.read%20https%3A%2F%2Fauth.ee.co.uk%2Fapi%2Fdigital.mble-sub.contract.read%20https%3A%2F%2Fauth.ee.co.uk%2Fapi%2Fdigital.nba-v2.read%20https%3A%2F%2Fauth.ee.co.uk%2Fapi%2Fdigital.interactions.write%20https%3A%2F%2Fauth.ee.co.uk%2Fapi%2Fdigital.online-contexts-v2.read%20https%3A%2F%2Fauth.ee.co.uk%2Fapi%2Fdigital.online-contexts-v2.write%20https%3A%2F%2Fauth.ee.co.uk%2Fapi%2Fidentity.billing-accounts.read%20https%3A%2F%2Fauth.ee.co.uk%2Fapi%2Fidentity.billing-accounts.all%20https%3A%2F%2Fauth.ee.co.uk%2Fapi%2Fidentity.profile.read%20https%3A%2F%2Fauth.ee.co.uk%2Fapi%2Fidentity.individual.read%20https%3A%2F%2Fauth.ee.co.uk%2Fapi%2Ftmf.productinventry-v4.product.read%20https%3A%2F%2Fauth.ee.co.uk%2Fapi%2Fdigital.blng-acnts.bills.read%20https%3A%2F%2Fauth.ee.co.uk%2Fapi%2Fdigital-v1.all%20https%3A%2F%2Fauth.ee.co.uk%2Fapi%2Fcustomer-bill-management-custbill.read%20https%3A%2F%2Fauth.ee.co.uk%2Fapi%2Fidentity.permissions.read%20https%3A%2F%2Fauth.ee.co.uk%2Fapi%2Fbt.marketplacesubscription.graphql.all%20https%3A%2F%2Fauth.ee.co.uk%2Fapi%2Fee.sales-services.all%20https%3A%2F%2Fauth.ee.co.uk%2Fapi%2Fbt.marketplacecheckout.graphql.all%20https%3A%2F%2Fauth.ee.co.uk%2Fapi%2Fbt.marketplacecheckout.graphql.write%20https%3A%2F%2Fauth.ee.co.uk%2Fapi%2Fdigital.mble-sub.atp-inlif-elgiblity.read%20https%3A%2F%2Fauth.ee.co.uk%2Fapi%2Fdigital.mble-sub.srvcpropostionselg.read%20https%3A%2F%2Fauth.ee.co.uk%2Fapi%2Fdigital.online-contexts.read%20https%3A%2F%2Fauth.ee.co.uk%2Fapi%2Fdigital.online-contexts.write%20https%3A%2F%2Fauth.ee.co.uk%2Fapi%2Fgeneric.billing-acc.add-line.prdcts.read%20https%3A%2F%2Fauth.ee.co.uk%2Fapi%2Fgeneric.billing-acc.charge-thres.read%20https%3A%2F%2Fauth.ee.co.uk%2Fapi%2Fgeneric.billing-acc.check-results.write%20https%3A%2F%2Fauth.ee.co.uk%2Fapi%2Fgeneric.billing-acc.debit-details.read%20https%3A%2F%2Fauth.ee.co.uk%2Fapi%2Fgeneric.billing-acc.simonly.upgrde.write%20https%3A%2F%2Fauth.ee.co.uk%2Fapi%2Fgeneric.billing-acc.val-elgble-plns.read%20https%3A%2F%2Fauth.ee.co.uk%2Fapi%2Fgeneric.mobile-sub.add-line-prob.read%20https%3A%2F%2Fauth.ee.co.uk%2Fapi%2Fgeneric.mobile-sub.average-usage.read%20https%3A%2F%2Fauth.ee.co.uk%2Fapi%2Fgeneric.mobile-sub.contr-notifctins.read%20https%3A%2F%2Fauth.ee.co.uk%2Fapi%2Fgeneric.mobile-sub.elg-upgrd-prdcts.read%20https%3A%2F%2Fauth.ee.co.uk%2Fapi%2Fgeneric.mobile-sub.upgrade-offer.read%20https%3A%2F%2Fauth.ee.co.uk%2Fapi%2Fgeneric.mobile-sub.upgradrecmndtns.read%20https%3A%2F%2Fauth.ee.co.uk%2Fapi%2Fgeneric.person-identy.sales-elg.read%20https%3A%2F%2Fauth.ee.co.uk%2Fapi%2Fgeneric.person-identy-id.read%20https%3A%2F%2Fauth.ee.co.uk%2Fapi%2Fidentity.individual.all%20https%3A%2F%2Fauth.ee.co.uk%2Fapi%2Fidentity.individual.write%20https%3A%2F%2Fauth.ee.co.uk%2Fapi%2Fee.mktplace-subs-orders.graphql.write%20https%3A%2F%2Fauth.ee.co.uk%2Fapi%2Fee.mktplace-subs-orders.all%20https%3A%2F%2Fauth.ee.co.uk%2Fapi%2Fgeneric.billing-account.all%20profile&redirect_uri=https%3A%2F%2Fee.co.uk%2Fexp%2Fhome&client-request-id=ebdf669d-a63d-4b70-b4ed-9f577fda5dfc&response_mode=fragment&response_type=code&x-client-SKU=msal.js.browser&x-client-VER=2.32.0&client_info=1&code_challenge=HJX2YdGRG6RAPK3VR-UeG1IIosiYmIImZH10gnqgUtM&code_challenge_method=S256&nonce=a7cf268c-5b76-434f-a02e-cb64e1346110&state=eyJpZCI6ImQ4ZDE1ZDYzLWJkZTAtNDNjNC1iYzgxLTJkMDY5NGEzYWFiZCIsIm1ldGEiOnsiaW50ZXJhY3Rpb25UeXBlIjoicmVkaXJlY3QifX0%3D,,unklar,vorherige authentifizierung nötig,,,
55,10. Juli 2025,ja,https://account.eslgaming.com/login,https://account.eslgaming.com/login,"<input required="""" type=""email"" name=""email"" ng-model=""ctrl.email"" tabindex=""1"" autocomplete=""email webauthn"" better-autofocus="""" class=""ng-pristine md-input ng-empty ng-valid-email ng-invalid ng-invalid-required ng-touched"" id=""input_0"" aria-invalid=""true"" style="""">",Passkey,"autocomplete = webauthn, get call after side loading, get methode, methode vor login","Conditional UI, get mit anonymen parametern, navigator.credentials.create({publicKey:, navigator.credentials.get({publicKey:) vorhanden, obfuscated js, one line js",,
56,10. Juli 2025,ja,https://www.fairfaxcounty.gov/myfairfax/portal/ffx-index.jsp,https://www.fairfaxcounty.gov/myfairfax/portal/ffx-index.jsp,"<div id=""passskeyLogin"">
<p>
If you're using an external passkey or your key doesn't appear when clicking on the User ID box:
</p>
<p>
<a href=""/myfairfax/fidoauth""><img src=""/myfairfax/auth/forms/ffx/passkeys.png""> </a>
</p>
</div>   <div id=""passskeyLogin"">
<p>
If you're using an external passkey or your key doesn't appear when clicking on the User ID box:
</p>
<p>
<a href=""/myfairfax/fidoauth""><img src=""/myfairfax/auth/forms/ffx/passkeys.png""> </a>
</p>
</div>",Passkey,"autocomplete = webauthn, get call after side loading, get methode, methode vor login, passkey button","Conditional UI, get mit anonymen parametern, navigator.credentials.get vorhanden",,google
57,10. Juli 2025,ja,https://www.fastmail.com/,https://app.fastmail.com/,"<input id=""v22-input"" class=""v-TextInput-input"" type=""text"" tabindex=""0"" mailto:placeholder=%22e-mail@fastmail.com"" name=""username"" autocomplete=""username webauthn"" autocorrect=""off"" autocapitalize=""none"" spellcheck=""false"" inputmode=""email"">",Passkey,"autocomplete = webauthn, get call after side loading, get methode, methode vor login",navigator.credentials methoden selbst implementiert,indirekt implementiert,
58,10. Juli 2025,nein,https://finom.co/de-de/,https://app.finom.co/de/signin/?fnm_product=business&lic=finom,,unklar,vorherige authentifizierung nötig,,,"apple, google"
59,10. Juli 2025,ja,https://fintual.cl/,https://fintual.cl/f/sign-in/,"<button aria-label=""Passkey"" class=""fintual__root-b6ebc2e38adf1c67"" role=""button"" type=""submit"" label=""Passkey""><div class=""fintual__iconContainer-dac7376f30c60cfa fintual__default-0bc4fa20ba4cb97a""><div name=""Key"" class=""fintual__root-fcc2a5a0dc8fdf95"" role=""img"" style=""--icon-fill: var(--color-scheme-foreground-default-primary); --icon-size: 24px;""><svg viewBox=""0 0 24 24"" xmlns=""http://www.w3.org/2000/svg""><path d=""M14.5 15a5.5 5.5 0 1 0-5.5-5.5c0 .584.09 1.15.26 1.678l-5.041 5.04a.75.75 0 0 0-.219.532v2.5c0 .416.334.75.75.75h2.5c.416 0 .75-.334.75-.75v-1.25h1.25c.416 0 .75-.334.75-.75v-1.25h1.25c.2 0 .39-.078.531-.219l1.04-1.04a5.51 5.51 0 0 0 1.679.259Zm1.25-8a1.25 1.25 0 1 1 0 2.5 1.25 1.25 0 0 1 0-2.5Z""></path></svg></div></div><div class=""fintual__labelContainer-1e1a5fbade2d679b""><p class=""fintual__root-3558947282e9aafa"" style=""--display: block; --text-color: var(--color-scheme-foreground-default-primary); --text-align: center; --flex-shrink: 1; --flex-grow: 0;"">Passkey</p></div></button>",Passkey,"get call after side loading, get methode, methode vor login, passkey button",navigator.credentials methoden selbst implementiert,,"apple, google"
60,10. Juli 2025,ja,https://secure.bankatfirst.com/,https://secure.bankatfirst.com/login,,Passkey,"autocomplete = webauthn, get call after side loading, get methode, methode vor login","navigator.credentials.create vorhanden, navigator.credentials.get vorhanden, obfuscated js",,
61,10. Juli 2025,nein,https://fleeps.co/,https://auth.fleeps.co/u/login/identifier?state=hKFo2SBXTnpKcDM4Z05jMXN4azBGaUlTUzliME9IdDkydnExS6Fur3VuaXZlcnNhbC1sb2dpbqN0aWTZIHlTVVNCYnFENXZadnV2T0pmSXlicUJHQzBacVJmNW9to2NpZNkgeVFjdVJoS1I1WFlsYUFSNUlFSW9NNk9OSEFIZ21WY1M,,unklar,vorherige authentifizierung nötig,,login token leitet auf die hauptseite weiter,google
62,10. Juli 2025,nein,https://www.formx.ai/,https://auth.formextractorai.com/signup?client_id=bfd196b31c218423&redirect_uri=https%3A%2F%2Fformextractorai.com%2Fauthorized&state=eyJhbGciOiJIUzUxMiIsInR5cCI6IkpXVCJ9.eyJpbnZpdGF0aW9uX2NvZGUiOm51bGwsImRpc3RpbmN0X2lkIjoiMDE4ZWU0ODEtMzljYy03NGJmLTk4MGQtZjVlN2NmMTM3ZTM4P2Rpc3RpbmN0X2lkPTAxOTdmNDNhLTI1ODMtNzRkZi04ODJhLTYwYWRiYzUyMGMwZiIsImRvX25vdF90cmFjayI6ZmFsc2UsInJlZ2lvbiI6InR3LWdjcCJ9.zp_rnzivTk41Zv10BUoSkXH1uAJDm3QJwr_LO77AQN8Yp1SMSkAdsEUTwD-aQWhLWRPsxYcGHtTy0Z4SanD5eA&x_settings_action_id=,,unklar,vorherige authentifizierung nötig,,login token,google
63,10. Juli 2025,ja,https://forwardemail.net/de,https://forwardemail.net/de,"<span class=""btn-auth-text font-weight-bold"">Sign in with Passkey</span>",Passkey,"get methode, methode vor login, passkey button","navigator.credentials.create({publicKey:, navigator.credentials.get({publicKey:) vorhanden, obfuscated js, one line js",,"apple, github, google"
64,10. Juli 2025,nein,https://www.freeprintsapp.de/?freeprintsnow,,,unklar,,,app basiert,
65,10. Juli 2025,nein,https://fusionauth.io/,https://login.fusionauth.io/oauth2/authorize?client_id=c50329fa-93e5-4618-8d9f-73d0ab069a54&scope=offline_access+profile&response_type=code&redirect_uri=https%3A%2F%2Faccount.fusionauth.io%2Flogin&state=CYKx3jG7MD2xaXKzxBVV55nfcSxbB0zu7rC57WzkBbA,,unklar,,"navigator.credentials.get vorhanden, obfuscated js",captcha,"github, google"
66,10. Juli 2025,ja,https://www.gemini.com/eu,https://exchange.gemini.com/signin,"<button type=""button"" data-testid=""signin-with-passkey-card"" style=""width: 100%;"" class=""e1fsl8uw0 css-1yeiyqw e1czpx482""><span class=""e1czpx481 css-11mxs84 e1vsinnk0""><svg aria-hidden=""true"" width=""24px"" height=""24px"" viewBox=""0 0 24 24"" fill=""currentcolor"" xmlns=""http://www.w3.org/2000/svg""><path fill-rule=""evenodd"" clip-rule=""evenodd"" d=""M2 12C2 9.23858 4.23858 7 7 7C8.63693 7 10.0891 7.78702 11.0002 9H20.4142L23.4142 12L18.6274 16.7868L16.25 15.2019L13.966 16.7245L11.6667 15H11.0002C10.0891 16.213 8.63693 17 7 17C4.23858 17 2 14.7614 2 12ZM7 14C8.10457 14 9 13.1046 9 12C9 10.8954 8.10457 10 7 10C5.89543 10 5 10.8954 5 12C5 13.1046 5.89543 14 7 14Z""></path></svg></span>Sign in with passkey</button>",Passkey,"get methode, methode vor login, passkey button",,,
67,10. Juli 2025,ja,https://github.com/login,https://github.com/login,"<webauthn-subtle class=""js-webauthn-subtle"" data-catalyst="""">
<p class=""mb-0 mt-0 js-webauthn-subtle-emu-control"">
<button data-action=""click:webauthn-subtle#prompt"" type=""button"" data-view-component=""true"" class=""Button--link Button--medium Button"">  <span class=""Button-content"">
<span class=""Button-label"">Sign in with a passkey</span>
</span>
</button>
</p>
</webauthn-subtle>",Passkey,"create methode, get methode, methode vor login, passkey button","get mit anonymen parametern, navigator.credentials.create vorhanden, navigator.credentials.get vorhanden, one line js",,
68,10. Juli 2025,ja,https://glauca.digital/,https://sso.as207960.net/auth/realms/master/protocol/openid-connect/auth?client_id=website&redirect_uri=https%3A%2F%2Fglauca.digital%2F&state=d1bc3e70-bc5e-449f-9aff-eb04447a1ac4&response_mode=fragment&response_type=code&scope=openid&nonce=a59dae62-291d-41ec-84a2-0d4ac22e5a08&code_challenge=d87W_i7d5Qc3lPr8VZx4IPGViOTg7CIiPhuE8LLM5qQ&code_challenge_method=S256,"<input tabindex=""1"" id=""username"" class=""form-control"" name=""username"" value="""" type=""text"" autofocus="""" autocomplete=""username webauthn"" required=""""> <button class=""btn btn-primary my-3 btn-lg"" type=""button"" onclick=""explicitWebAuthnAuthenticate()"">Login with Passkey</button>",Passkey,"autocomplete = webauthn, get methode, methode vor login, passkey button","Conditional UI, navigator.credentials.get({publicKey:) vorhanden",nach refresh auto call,"apple, google, microsoft"
69,10. Juli 2025,ja,https://www.google.com/,https://accounts.google.com/v3/signin/identifier?continue=https%3A%2F%2Fwww.google.com%2F&dsh=S-1743993197%3A1752150344364252&ec=futura_exp_og_so_72776762_e&flowEntry=ServiceLogin&flowName=GlifWebSignIn&hl=de&ifkv=AdBytiNtn9ggcJZB8MHg49XgyoUeuV0uuYiYeaYsTeNN-RNhvpsAERV7NvFv2paDdNA5IbNiMU2Z7g,"></div><div class=""riDSKb"">Anderes Konto verwenden</div></div></div>",Passkey,"autocomplete = webauthn, get call after side loading, get methode, methode vor login","Conditional UI, get mit anonymen parametern, navigator.credentials.create({publicKey:, navigator.credentials.get({publicKey:) vorhanden, obfuscated js",,google
70,10. Juli 2025,nein,https://www.grab.com/sg/,,,unklar,,,app basiert,
71,10. Juli 2025,nein,https://haeppie.com/,,,unklar,,,"login seite kompromittiert? ",
72,10. Juli 2025,ja,https://hancock.ink/,https://idp.hancock.ink/v0,"<input autocomplete=""username webauthn"" type=""username"" id=""bAFObw0VaasqgSCPMjlna"" name=""username"" placeholder=""Email"" class=""css-1x605q9"" value="""">   <button type=""button"" class=""_delegated_section_button_1qiyy_36 _webauthn_button_1qiyy_47 _m_dark_1qiyy_52 css-y7zi2b"" draggable=""false""><span class=""css-piondm""><span class=""css-bii2ui""><svg xmlns=""http://www.w3.org/2000/svg"" xmlns:xlink=""http://www.w3.org/1999/xlink"" viewBox=""0 0 20 20"" fill=""none"" class=""_passkey_icon_1qiyy_58""><path fill=""currentColor"" fill-rule=""evenodd"" d=""M8.15382 9.5789c2.03918 0 3.69228-1.69659 3.69228-3.78945S10.193 2 8.15382 2c-2.0392 0-3.69228 1.69659-3.69228 3.78945S6.11462 9.5789 8.15382 9.5789ZM18 9.579c.0018-.52788-.1346-1.04658-.3949-1.50188-.2603-.45529-.635-.8305-1.0849-1.08638-.4498-.25589-.9584-.38308-1.4726-.36826-.5141.01481-1.015.17108-1.4502.45246-.4352.28139-.7887.67757-1.0237 1.14714-.235.46957-.3428.9953-.3122 1.52226.0307.52696.1987 1.03576.4864 1.47326.2878.4376.6848.7878 1.1495 1.014v4.5052L15.1282 18l2.0513-2.1052-1.2308-1.2632 1.2308-1.2631-1.0175-1.0443c.5404-.214 1.0051-.5906 1.3331-1.0806.328-.4899.504-1.0702.5049-1.6646Zm-2.8718 0c-.1623 0-.3209-.04938-.4559-.14192-.1349-.09253-.2401-.22404-.3022-.37792-.0621-.15388-.0783-.3232-.0467-.48654.0317-.16336.1098-.3134.2246-.43117.1148-.11777.2609-.19798.4201-.23048.1592-.03247.3242-.0158.4741.04792.1499.06375.2781.17168.3682.31017.0902.13849.1383.30129.1383.46785 0 .22333-.0864.43753-.2403.59546-.1539.1579-.3626.24663-.5802.24663Zm-5.74359 1.2631c.68989.0004 1.37199.1496 2.00209.4379.2869.6528.7266 1.2227 1.28 1.6589v4.64H2v-1.6842c0-1.34.51868-2.6252 1.44193-3.5727.92325-.9476 2.17546-1.4799 3.48114-1.4799h2.46154Z"" clip-rule=""evenodd""></path></svg></span><span class=""css-iz25s4"">Sign In with a passkey</span></span></button>",Passkey,"autocomplete = webauthn, get call after side loading, get methode, methode vor login, passkey button","Conditional UI, navigator.credentials.get vorhanden, obfuscated js",,"google, microsoft"
73,10. Juli 2025,ja,https://www.hanko.io/,https://cloud.hanko.io/login,"<input part=""input text-input"" required="""" maxlength=""120"" minlength=""3"" type=""email"" autocomplete=""username webauthn"" autocorrect=""off"" flowinput=""[object Object]"" placeholder=""Email"" pattern=""^[^@]+@[^@]+\.[^@]+$"" aria-label=""Email"" class=""hanko_input""> <button part=""button secondary-button"" type=""submit"" class=""hanko_button hanko_secondary""><div class=""hanko_loadingSpinnerWrapperIcon""><svg id=""icon-passkey"" xmlns=""http://www.w3.org/2000/svg"" viewBox=""3 1.5 19.5 19"" width=""18"" height=""18"" class=""hanko_icon hanko_secondary""><g id=""icon-passkey-all""><circle id=""icon-passkey-head"" cx=""10.5"" cy=""6"" r=""4.5""></circle><path id=""icon-passkey-key"" d=""M22.5,10.5a3.5,3.5,0,1,0-5,3.15V19L19,20.5,21.5,18,20,16.5,21.5,15l-1.24-1.24A3.5,3.5,0,0,0,22.5,10.5Zm-3.5,0a1,1,0,1,1,1-1A1,1,0,0,1,19,10.5Z""></path><path id=""icon-passkey-body"" d=""M14.44,12.52A6,6,0,0,0,12,12H9a6,6,0,0,0-6,6v2H16V14.49A5.16,5.16,0,0,1,14.44,12.52Z""></path></g></svg><div class=""hanko_caption""><span>Sign in with a passkey</span></div></div></button>",Passkey,"autocomplete = webauthn, get call after side loading, get methode, methode vor login, passkey button","Conditional UI, get mit anonymen parametern, navigator.credentials.create vorhanden, navigator.credentials.get vorhanden, one line js",,"github, google"
74,10. Juli 2025,ja,https://hardwax.com/,https://hardwax.com/,"<input class=""vb"" id=""id_username"" type=""email"" name=""username"" autocomplete=""username email webauthn"" placeholder=""Your email address"" required="""">",Passkey,"autocomplete = webauthn, get methode, methode vor login","get mit anonymen parametern, navigator.credentials.create vorhanden, navigator.credentials.get vorhanden, obfuscated js, one line js","autocomplete=webauthn wird erst beim klick auf ein element ausgelöst, wenn das input fenster im focus ist.",
75,10. Juli 2025,ja,https://www.hatena.ne.jp/,https://accounts.hatena.ne.jp/login?via=200125,"<input id=""username"" class=""_hidInput_1eatj_84"" name=""username"" type=""text"" autocomplete=""username webauthn"" autocapitalize=""none"" placeholder=""Hatena ID / Email"" aria-label=""Hatena ID / Email"" required="""" aria-required=""true"" value="""">  <button type=""button""><svg class=""_uiIcon_ocwey_1"" xmlns=""http://www.w3.org/2000/svg"" height=""20"" viewBox=""0 -960 960 960"" width=""20""><path d=""M144-192v-96q0-23 12.5-43.5T191-366q55-32 116.361-49Q368.722-432 432-432q24 0 48 2.5t48 7.5q-1 46 19 87.5t55 70.996V-192H144ZM750-72l-54-54.146V-294q-42-11-69-46t-27-80.191q0-54.607 38.722-93.208t93.5-38.601Q787-552 825.5-513.343 864-474.686 864-420q0 42.577-24.65 75.692Q814.7-311.192 777-297l45 45-54 54 54 54-72 72ZM432-480q-60 0-102-42t-42-102q0-60 42-102t102-42q60 0 102 42t42 102q0 60-42 102t-102 42Zm299.789 72Q747-408 757.5-418.289q10.5-10.29 10.5-25.5Q768-459 757.711-469.5q-10.29-10.5-25.5-10.5Q717-480 706.5-469.711q-10.5 10.29-10.5 25.5Q696-429 706.289-418.5q10.29 10.5 25.5 10.5Z""></path></svg>Login with a passkey</button>","FedCM, Passkey","autocomplete = webauthn, get call after side loading, get methode, methode vor login, passkey button","Conditional UI, get mit anonymen parametern, navigator.credentials.create vorhanden, navigator.credentials.get vorhanden, obfuscated js",login token?,"apple, google"
76,10. Juli 2025,ja,https://www.hcaptcha.com/,https://dashboard.hcaptcha.com/login,"<input id=""email"" name=""email"" label=""email"" aria-required=""true"" autocomplete=""username webauthn"" type=""text"" height=""40"" placeholder=""Email"" maxlength=""256"" tabindex=""0"" class=""Input__InputElement-sc-8b09f8af-0 ktUseE"" value="""">",Passkey,"autocomplete = webauthn, get methode, methode vor login",navigator.credentials methoden selbst implementiert,,"github, google"
77,10. Juli 2025,ja,https://heexy.org/,https://account.heexy.org/,"<button class=""btn w-36 m-2"" id=""auth_passkey"">
<svg xmlns=""http://www.w3.org/2000/svg"" width=""24"" height=""24"" viewBox=""0 0 24 24"" fill=""currentColor"" class=""icon icon-tabler icons-tabler-filled icon-tabler-key""><path stroke=""none"" d=""M0 0h24v24H0z"" fill=""none""></path><path d=""M14.52 2c1.029 0 2.015 .409 2.742 1.136l3.602 3.602a3.877 3.877 0 0 1 0 5.483l-2.643 2.643a3.88 3.88 0 0 1 -4.941 .452l-.105 -.078l-5.882 5.883a3 3 0 0 1 -1.68 .843l-.22 .027l-.221 .009h-1.172c-1.014 0 -1.867 -.759 -1.991 -1.823l-.009 -.177v-1.172c0 -.704 .248 -1.386 .73 -1.96l.149 -.161l.414 -.414a1 1 0 0 1 .707 -.293h1v-1a1 1 0 0 1 .883 -.993l.117 -.007h1v-1a1 1 0 0 1 .206 -.608l.087 -.1l1.468 -1.469l-.076 -.103a3.9 3.9 0 0 1 -.678 -1.963l-.007 -.236c0 -1.029 .409 -2.015 1.136 -2.742l2.643 -2.643a3.88 3.88 0 0 1 2.741 -1.136m.495 5h-.02a2 2 0 1 0 0 4h.02a2 2 0 1 0 0 -4""></path></svg>
Passkey
</button>",Passkey,"get methode, methode vor login, passkey button","get mit anonymen parametern, navigator.credentials.create vorhanden, navigator.credentials.get vorhanden, obfuscated js, one line js",,"discord, google"
78,10. Juli 2025,ja,https://www.high-mobility.com/,https://console.high-mobility.com/login,"<button class=""inline-flex items-center justify-center rounded gap-2 text-button font-semibold transition-colors outline-none dark:text-white dark:focus:text-beige-100-shade dark:hover:text-beige-100-shade px-2 py-1"" type=""button""><svg width=""16"" height=""16"" viewBox=""0 0 16 16"" fill=""none"" xmlns=""http://www.w3.org/2000/svg""><g clip-path=""url(#clip0_5832_42521)""><path d=""M9.16826 3.51298C9.16826 4.09102 8.93995 4.64538 8.53357 5.05411C8.12719 5.46284 7.57601 5.69247 7.0013 5.69247C6.42659 5.69247 5.87542 5.46284 5.46903 5.05411C5.06265 4.64538 4.83435 4.09102 4.83435 3.51298C4.83435 2.93495 5.06265 2.38059 5.46903 1.97185C5.87542 1.56312 6.42659 1.3335 7.0013 1.3335C7.57601 1.3335 8.12719 1.56312 8.53357 1.97185C8.93995 2.38059 9.16826 2.93495 9.16826 3.51298ZM2.66797 11.7183C2.68654 10.5747 3.15125 9.48428 3.96189 8.68217C4.77253 7.88005 5.86413 7.43052 7.0013 7.43052C8.13847 7.43052 9.23008 7.88005 10.0407 8.68217C10.8514 9.48428 11.3161 10.5747 11.3346 11.7183C9.97517 12.3453 8.49687 12.6689 7.0013 12.6668C5.45496 12.6668 3.98721 12.3274 2.66797 11.7183Z"" stroke=""currentColor"" stroke-linecap=""round"" stroke-linejoin=""round""></path><path d=""M10.6273 6.52357C10.8505 6.30038 11.1532 6.17502 11.4689 6.17506C11.7845 6.1751 12.0874 6.30069 12.3106 6.5238M13.1521 5.68225C13.3977 5.92776 13.5866 6.22401 13.7057 6.55022C13.8247 6.87643 13.8709 7.22471 13.8411 7.57063C13.8113 7.91655 13.7061 8.25174 13.5331 8.5527C13.36 8.85366 13.1232 9.11311 12.8392 9.31284C12.6541 9.44356 12.5214 9.64525 12.5215 9.87194L12.5217 11.3634L11.8905 11.9945L12.5218 12.6258L11.8907 13.257L12.522 13.8883L11.4701 14.9403L10.6793 14.1496C10.5118 13.9821 10.4175 13.7548 10.4178 13.5183L10.4173 9.87166C10.4173 9.64498 10.2845 9.44324 10.0994 9.31248C9.82983 9.1225 9.60269 8.87861 9.43232 8.59627C9.26196 8.31393 9.1521 7.9993 9.1097 7.67231C9.0673 7.34532 9.09328 7.0131 9.18601 6.69671C9.27873 6.38033 9.43617 6.08667 9.64835 5.83435C9.86054 5.58204 10.1228 5.37656 10.4186 5.23095C10.7144 5.08534 11.0372 5.00277 11.3666 4.98847C11.696 4.97417 12.0248 5.02845 12.3322 5.14788C12.6395 5.26731 12.9188 5.44928 13.1521 5.68225Z"" stroke=""currentColor"" stroke-width=""0.8"" stroke-linecap=""round"" stroke-linejoin=""round""></path></g></svg><span>Log in with passkey</span></button>",Passkey,"create methode, get methode, methode vor login, passkey button","get mit anonymen parametern, navigator.credentials.create vorhanden, navigator.credentials.get vorhanden",,
79,10. Juli 2025,ja,https://community.home-assistant.io/,https://community.home-assistant.io/,"<input id=""login-account-name"" class=""ember-text-field ember-view"" autocomplete=""username webauthn"" autocorrect=""off"" autocapitalize=""none"" autofocus=""autofocus"" tabindex=""1"" type=""email""> <button class=""btn btn-icon-text btn-social passkey-login-button"" type=""button"">
<svg class=""fa d-icon d-icon-user svg-icon svg-string"" xmlns=""http://www.w3.org/2000/svg""><use href=""#user""></use></svg>      <span class=""d-button-label"">Log in with a passkey<!----></span>
</button>",Passkey,"autocomplete = webauthn, get call after side loading, get methode, methode vor login, passkey button","Conditional UI, get mit anonymen parametern, navigator.credentials.create({publicKey:, navigator.credentials.get({publicKey:) vorhanden, obfuscated js",login button erst klicken,github
80,10. Juli 2025,nein,http://www.homedepot.com/,,,unklar,,,Access Denied → geo blocking?,
81,10. Juli 2025,nein,https://horizon.pics/,https://horizon.pics/auth/login,"<button class=""secondary with-icon full-width center"" type=""button""><svg xmlns=""http://www.w3.org/2000/svg"" width=""24"" height=""24"" viewBox=""0 0 24 24"" fill=""none"" stroke=""currentColor"" stroke-width=""2"" stroke-linecap=""round"" stroke-linejoin=""round"" class=""tabler-icon tabler-icon-key ""><path d=""M16.555 3.843l3.602 3.602a2.877 2.877 0 0 1 0 4.069l-2.643 2.643a2.877 2.877 0 0 1 -4.069 0l-.301 -.301l-6.558 6.558a2 2 0 0 1 -1.239 .578l-.175 .008h-1.172a1 1 0 0 1 -.993 -.883l-.007 -.117v-1.172a2 2 0 0 1 .467 -1.284l.119 -.13l.414 -.414h2v-2h2v-2l2.144 -2.144l-.301 -.301a2.877 2.877 0 0 1 0 -4.069l2.643 -2.643a2.877 2.877 0 0 1 4.069 0z""></path><path d=""M15 9h.01""></path></svg>
Continue with Passkey</button>",Passkey,"methode vor login, passkey button",,prüft ob user vorhanden und wir get gecallt,google
82,10. Juli 2025,ja,https://hubspot.com/,https://app.hubspot.com/login/legacy?hubs_signup-url=www.hubspot.com%2Fhp-c&hubs_signup-cta=nav-utility-login&hubs_content=www.hubspot.com%2Fhp-c&hubs_content-cta=nav-utility-login&uuid=anon4407e8622190bcb69eed228233fc,"<button data-button-use=""primary"" tabindex=""0"" data-test-id=""passkey-sign-in"" target=""_self"" aria-disabled=""false"" data-fnd-button=""t"" type=""button"" class=""PrivateButton__StyledButton-sc-1ufsly9-0 bSzoQK""><span class=""PrivateButton__StyledButtonTextContainer-sc-1ufsly9-2 iaPCBt""><div data-tflex=""true"" class=""TFlex__StyledFlex-ib39p5-0 jMiCBs""><img alt="""" src=""https://static.hsappstatic.net/LoginUI/static-1.12551/img/passkey-logo.svg"" height=""22"" width=""22"" class=""Image__StyledImage-sc-1ri0jrk-0 eRMGWH""><i18n-string data-locale-at-render=""de"" data-key=""login.form.passkey"">Mit einem Passkey anmelden</i18n-string></div></span></button>",Passkey,"get methode, methode vor login, passkey button","get mit anonymen parametern, navigator.credentials.get({publicKey:) vorhanden, obfuscated js, one line js",bevor passkey button geklickt werden kann muss eine email eingetragen sein,"apple, google, microsoft"
83,10. Juli 2025,nein,https://www.icloud.com/,https://www.icloud.com/,,Passkey,vorherige authentifizierung nötig,,,
84,10. Juli 2025,nein,https://de.indeed.com/?r=us,https://secure.indeed.com/auth?hl=de_DE&co=DE&continue=https%3A%2F%2Fde.indeed.com%2F%3Fr%3Dus&tmpl=desktop&from=gnav-util-homepage&jsContinue=https%3A%2F%2Fonboarding.indeed.com%2Fonboarding%3Fhl%3Dde_DE%26co%3DDE%26from%3Dgnav-homepage&empContinue=https%3A%2F%2Faccount.indeed.com%2Fmyaccess,,unklar,vorherige authentifizierung nötig,"get mit anonymen parametern, navigator.credentials.create vorhanden, navigator.credentials.get vorhanden, obfuscated js, one line js",login token? leitet auf hauptseite weiter,"apple, google"
85,10. Juli 2025,nein,https://www.instacart.com/,https://www.instacart.com/,,unklar,vorherige authentifizierung nötig,"navigator.credentials.create vorhanden, navigator.credentials.get vorhanden, obfuscated js",,google
86,10. Juli 2025,nein,https://about.intastellaraccounts.com/,https://www.intastellaraccounts.com/signin/v2/ws/identifier?continue=my.intastellaraccounts.com&entryFlow=bXkuaW50YXN0ZWxsYXJhY2NvdW50cy5jb20=&passive=true&flowName=GeneralOAuthFlow&Entry=authlogin,,unklar,vorherige authentifizierung nötig,,,
87,10. Juli 2025,ja,https://www.kakaocorp.com/,https://accounts.kakao.com/login?continue=https%3A%2F%2Fkauth.kakao.com%2Foauth%2Fauthorize%3Fresponse_type%3Dcode%26client_id%3D98020c3772c56cf7faa6aceb97b0722d%26redirect_uri%3Dhttps%253A%252F%252Fshopping-userauth-web.kakao.com%252Fcallback%26state%3DeyJyZWRpcmVjdFVybCI6Imh0dHBzOi8vZ2lmdC5rYWthby5jb20vYS92MS93ZWIvbG9naW4_cmVkaXJlY3RVcmw9aHR0cHMlM0ElMkYlMkZnaWZ0Lmtha2FvLmNvbSUyRmhvbWUlM0Z0YXJnZXRUeXBlJTNEQUxMJTI2cmFua1R5cGUlM0RNQU5ZX1dJU0glMjZwcmljZVJhbmdlJTNEMjAwMDBfMjk5OTkiLCJjaGFubmVsIjoiR0lGVCJ9%26through_account%3Dtrue,"<input placeholder=""KakaoMail ID, email, phone number"" autocomplete=""webauthn"" type=""text"" id=""loginId--1"" name=""loginId"" class=""tf_g"" value="""">",Passkey,"autocomplete = webauthn, create methode, get methode, methode vor login","get mit anonymen parametern, navigator.credentials methoden selbst implementiert, navigator.credentials.create({publicKey:, navigator.credentials.get({publicKey:) vorhanden, obfuscated js, one line js",login token?,
88,10. Juli 2025,ja,https://my.scc.kit.edu/,https://idp.scc.kit.edu/idp/profile/SAML2/Redirect/SSO?execution=e1s1,"<button id=""passkeys_login"" type=""button"">Login mit Passkey</button>",Passkey,"get call after side loading, get methode, methode vor login",navigator.credentials.get vorhanden,,
89,10. Juli 2025,nein,https://kayak.com/,https://www.kayak.de/?ispredir=true,,unklar,vorherige authentifizierung nötig,"navigator.credentials.create vorhanden, navigator.credentials.get vorhanden",,"apple, google"
90,10. Juli 2025,ja,https://my.kemba.org/login,https://my.kemba.org/login,"<input aria-labelledby=""username-label"" title=""username"" id=""username"" type=""text"" spellcheck=""false"" autocorrect=""off"" autocapitalize=""none"" autofocus="""" autocomplete=""username webauthn"" error-message=""Wrong username!"" value="""" aria-label=""Username"">  <div> <jha-icon-fingerprint role=""presentation""></jha-icon-fingerprint> <span>Sign in with a passkey</span> </div>",Passkey,"autocomplete = webauthn, get call after side loading, get methode, methode vor login, passkey button","Conditional UI, get mit anonymen parametern, navigator.credentials.get vorhanden, obfuscated js",email muss vorher eingegeben werden bevor button erscheint,
91,10. Juli 2025,ja,https://klemn.net/,https://klemn.net/authenticate,"<button class=""global_selected_bouton""><svg stroke=""currentColor"" fill=""currentColor"" stroke-width=""0"" viewBox=""0 0 24 24"" style=""margin-left: -10px; margin-right: 6px;"" height=""1em"" width=""1em"" xmlns=""http://www.w3.org/2000/svg""><path d=""M9.496 2a5.25 5.25 0 0 0-2.519 9.857A9.006 9.006 0 0 0 .5 20.228a.751.751 0 0 0 .728.772h5.257c3.338.001 6.677.002 10.015 0a.5.5 0 0 0 .5-.5v-4.669a.95.95 0 0 0-.171-.551 9.02 9.02 0 0 0-4.814-3.423A5.25 5.25 0 0 0 9.496 2Z""></path><path d=""M23.625 10.313c0 1.31-.672 2.464-1.691 3.134a.398.398 0 0 0-.184.33v.886a.372.372 0 0 1-.11.265l-.534.534a.188.188 0 0 0 0 .265l.534.534c.071.07.11.166.11.265v.347a.374.374 0 0 1-.11.265l-.534.534a.188.188 0 0 0 0 .265l.534.534a.37.37 0 0 1 .11.265v.431a.379.379 0 0 1-.097.253l-1.2 1.319a.781.781 0 0 1-1.156 0l-1.2-1.319a.379.379 0 0 1-.097-.253v-5.39a.398.398 0 0 0-.184-.33 3.75 3.75 0 1 1 5.809-3.134ZM21 9.75a1.125 1.125 0 1 0-2.25 0 1.125 1.125 0 0 0 2.25 0Z""></path></svg> Utiliser une clé d'accès</button>",Passkey,"methode vor login, passkey button","get mit anonymen parametern, navigator.credentials.create({publicKey:, navigator.credentials.get({publicKey:) vorhanden",,github
92,10. Juli 2025,nein,https://laakari.chat/#fbde40b1-1d3b-4b0a-b372-e6a9cc3d679c,https://laakari.chat/app/#action=login,,unklar,,,lädt ewig,
93,10. Juli 2025,nein,https://www.larksuite.com/en_sg/,https://accounts.larksuite.com/accounts/page/login?app_id=1001&from=navbar&no_trap=1&redirect_uri=https%3A%2F%2Fwww.larksuite.com%2Fmessenger,,unklar,vorherige authentifizierung nötig,navigator.credentials.get vorhanden,kein button oder autocomplete,"apple, google"
94,10. Juli 2025,ja,https://forum.level1techs.com/,https://forum.level1techs.com/,"<button class=""btn btn-icon-text btn-social passkey-login-button"" type=""button"">
<svg class=""fa d-icon d-icon-user svg-icon svg-string"" xmlns=""http://www.w3.org/2000/svg""><use href=""#user""></use></svg>      <span class=""d-button-label"">Log in with a passkey<!----></span>
</button>  <button class=""btn btn-icon-text btn-social passkey-login-button"" type=""button"">
<svg class=""fa d-icon d-icon-user svg-icon svg-string"" xmlns=""http://www.w3.org/2000/svg""><use href=""#user""></use></svg>      <span class=""d-button-label"">Log in with a passkey<!----></span>
</button>",Passkey,"autocomplete = webauthn, get call after side loading, get methode, methode vor login, passkey button","Conditional UI, get mit anonymen parametern, navigator.credentials.create({publicKey:, navigator.credentials.get({publicKey:) vorhanden",methoden aufruf erst nach klick auf login element,
95,10. Juli 2025,nein,https://lgtm.lol/,https://lgtm.lol/signin,,unklar,,"get mit anonymen parametern, navigator.credentials.create vorhanden, navigator.credentials.get vorhanden",scripte laden sehr langsam,github
96,10. Juli 2025,ja,https://linear.app/,https://linear.app/login,"<button class=""sc-dPKAra kyTrXW sc-iQmTax hUqZfC"" type=""button"">Log in with Passkey</button>",Passkey,"get methode, methode vor login, passkey button","navigator.credentials.create vorhanden, navigator.credentials.get vorhanden, obfuscated js, one line js",,google
97,10. Juli 2025,nein,https://link.com/de,https://app.link.com/login,,unklar,"methode vor login, vorherige authentifizierung nötig","navigator.credentials.create({publicKey:, navigator.credentials.get({publicKey:) vorhanden",nur Registrierung möglich,
98,10. Juli 2025,nein,https://link3.to/,,,unklar,,,kein hinweis auf passkeys,
99,10. Juli 2025,ja,https://www.linkedin.com/,https://www.linkedin.com/login/de?fromSignIn=true&trk=guest_homepage-basic_nav-header-signin,"<input id=""username"" name=""session_key"" aria-describedby=""error-for-username"" required="""" validation=""email|tel"" value="""" autofocus="""" autocomplete=""username webauthn"" placeholder="" "" aria-label=""E-Mail-Adresse/Telefon"" type=""email"">",Passkey,"autocomplete = webauthn, get call after side loading, get methode, methode vor login","navigator.credentials.create vorhanden, navigator.credentials.get vorhanden",,"apple, google"
100,10. Juli 2025,ja,https://www.microsoft.com/de-de/microsoft-365/outlook/email-and-calendar-software-microsoft-outlook?deeplink=%2Fowa%2F&sdf=0&market=de,"https://login.microsoftonline.com/common/oauth2/v2.0/authorize?client_id=9199bf20-a13f-4107-85dc-02114787ef48&scope=https%3A%2F%2Foutlook.office.com%2F.default%20openid%20profile%20offline_access&redirect_uri=https%3A%2F%2Foutlook.live.com%2Fmail%2F&client-request-id=8849a0fd-9e30-b0ea-1ded-1ec713a1f065&response_mode=fragment&client_info=1&prompt=select_account&nonce=0197f495-778b-78ae-b346-1703f3771eee&state=eyJpZCI6IjAxOTdmNDk1LTc3OGItNzE3Ni05NWZlLTA2YzA5YmE1ZDViNyIsIm1ldGEiOnsiaW50ZXJhY3Rpb25UeXBlIjoicmVkaXJlY3QifX0%3D&claims=%7B%22access_token%22%3A%7B%22xms_cc%22%3A%7B%22values%22%3A%5B%22CP1%22%5D%7D%7D%7D&x-client-SKU=msal.js.browser&x-client-VER=4.12.0&response_type=code&code_challenge=gTrszQrjEE1y0XeGSZflxpQ9Whr2LnF3fP6IpyfHdHU&code_challenge_method=S256&cobrandid=ab0455a0-8d03-46b9-b18b-df2f57b9e44c&fl=dob,flname,wld","<input type=""email"" name=""loginfmt"" id=""i0116"" maxlength=""113"" class=""form-control ltr_override input ext-input text-box ext-text-box"" aria-required=""true"" data-report-event=""Signin_Email_Phone_Skype"" data-report-trigger=""click"" data-report-value=""Email_Phone_Skype_Entry"" data-bind=""
attr: { lang: svr.fApplyAsciiRegexOnInput ? null : 'en',
autocomplete: svr.fEnablePasskeyAutofillUI ? 'username webauthn' : 'username' },
externalCss: {
'input': true,
'text-box': true,
'has-error': usernameTextbox.error },
ariaLabel: tenantBranding.unsafe_userIdLabel || str['CT_PWD_STR_Username_AriaLabel'],
ariaDescribedBy:
svr.fWin10HostAccessibilityFix ?
'winBodyHeader winBodySubHeader loginHeader' + (pageDescription && !svr.fHideLoginDesc ? ' loginDescription usernameError' : ' usernameError') :
'loginHeader' + (pageDescription && !svr.fHideLoginDesc ? ' loginDescription usernameError' : ' usernameError'),
textInput: usernameTextbox.value,
hasFocusEx: usernameTextbox.focused,
placeholder: $placeholderText"" autocomplete=""username webauthn"" aria-label=""Geben Sie Ihre E-Mail-Adresse, Telefonnummer oder Ihren Skype-Namen ein."" aria-describedby=""loginHeader usernameError"" placeholder=""E-Mail, Telefon oder Skype"" data-report-attached=""1"">",Passkey,"autocomplete = webauthn, get call after side loading, get methode, methode vor login",navigator.credentials methoden selbst implementiert,,